{"chunk_definitions":[{"row":15,"row_count":1,"visible":true,"expansion_state":0,"options":{"engine":"r","label":"setup","include":false},"document_id":"723745E3","chunk_id":"csetup_chunk","chunk_label":"setup"},{"row":75,"row_count":1,"visible":true,"expansion_state":1,"options":{"engine":"r","label":"unnamed-chunk-214"},"document_id":"723745E3","chunk_id":"c2g5sc4ptmi66","chunk_label":"unnamed-chunk-1"},{"row":95,"row_count":1,"visible":true,"expansion_state":0,"options":{"engine":"r","label":"unnamed-chunk-222"},"document_id":"723745E3","chunk_id":"c9h9nt6iqi3m7","chunk_label":"unnamed-chunk-2"}],"doc_write_time":1713914597,"working_dir":null,"default_chunk_options":{"echo":true,"warning":false,"message":true,"eval":true,"fig.align":"center"},"chunk_rendered_width":700}