{"chunk_definitions":[{"row":17,"row_count":1,"visible":true,"expansion_state":0,"options":{"engine":"r","label":"setup","include":false},"document_id":"723745E3","chunk_id":"csetup_chunk","chunk_label":"setup"},{"row":42,"row_count":1,"visible":true,"expansion_state":0,"options":{"engine":"r","label":"unnamed-chunk-89"},"document_id":"723745E3","chunk_id":"cdd5ax2q0bs2a","chunk_label":"unnamed-chunk-1"},{"row":50,"row_count":1,"visible":true,"expansion_state":0,"options":{"engine":"r","label":"unnamed-chunk-90"},"document_id":"723745E3","chunk_id":"cxm0e2ywcg9mx","chunk_label":"unnamed-chunk-2"},{"row":55,"row_count":1,"visible":true,"expansion_state":0,"options":{"engine":"r","label":"unnamed-chunk-91"},"document_id":"723745E3","chunk_id":"cx0ukk6txn4pu","chunk_label":"unnamed-chunk-3"},{"row":77,"row_count":1,"visible":true,"expansion_state":0,"options":{"engine":"r","label":"unnamed-chunk-97"},"document_id":"723745E3","chunk_id":"ce5qf76b1th3a","chunk_label":"unnamed-chunk-4"},{"row":90,"row_count":1,"visible":true,"expansion_state":0,"options":{"engine":"r","label":"unnamed-chunk-96"},"document_id":"723745E3","chunk_id":"cupwn4tqgnlvy","chunk_label":"unnamed-chunk-5"},{"row":95,"row_count":1,"visible":true,"expansion_state":0,"options":{"engine":"r","label":"unnamed-chunk-83"},"document_id":"723745E3","chunk_id":"cs8ecityo55h1","chunk_label":"unnamed-chunk-6"},{"row":104,"row_count":1,"visible":true,"expansion_state":0,"options":{"engine":"r","label":"unnamed-chunk-63"},"document_id":"723745E3","chunk_id":"cwqekez6erdq2","chunk_label":"unnamed-chunk-7"}],"doc_write_time":1713652030,"working_dir":null,"default_chunk_options":{"echo":true,"warning":false,"message":true,"eval":true,"fig.align":"center","fig.height":2.0,"fig.width":5.0},"chunk_rendered_width":616}