"0",""
"0","dfPopGrowth <- read_csv(""..//Donnees//population-growth-annual.csv"")"
"2","[1mRows: [22m[34m13070[39m [1mColumns: [22m[34m8[39m"
"2","[36m──[39m [1mColumn specification[22m [36m────────────────────────────────────────────────────────────────────[39m
[1mDelimiter:[22m "",""
[31mchr[39m (5): Region Name, Region Alpha-3 Code, Region Alpha-2 Code, Unit, Source
[32mdbl[39m (3): Start Year, End Year, Value"
"2","
[36mℹ[39m Use `spec()` to retrieve the full column specification for this data.
[36mℹ[39m Specify the column types or set `show_col_types = FALSE` to quiet this message."
"0","# tail(dfPopGrowth, 5)"
"0","head(dfPopGrowth, 5)"
