{"chunk_definitions":[{"row":23,"row_count":1,"visible":true,"expansion_state":0,"options":{"engine":"r","label":"setup","include":false},"document_id":"723745E3","chunk_id":"csetup_chunk","chunk_label":"setup"},{"row":114,"row_count":1,"visible":true,"expansion_state":0,"options":{"engine":"r","label":"unnamed-chunk-3"},"document_id":"723745E3","chunk_id":"c2g5sc4ptmi66","chunk_label":"unnamed-chunk-1"},{"row":133,"row_count":1,"visible":true,"expansion_state":0,"options":{"engine":"r","label":"unnamed-chunk-4"},"document_id":"723745E3","chunk_id":"c9h9nt6iqi3m7","chunk_label":"unnamed-chunk-2"},{"row":138,"row_count":1,"visible":true,"expansion_state":0,"options":{"engine":"r","label":"unnamed-chunk-5"},"document_id":"723745E3","chunk_id":"cyvdsk7u3m296","chunk_label":"unnamed-chunk-3"},{"row":143,"row_count":1,"visible":true,"expansion_state":0,"options":{"engine":"r","label":"unnamed-chunk-6"},"document_id":"723745E3","chunk_id":"c6iq8nxsglu4t","chunk_label":"unnamed-chunk-4"},{"row":150,"row_count":1,"visible":true,"expansion_state":0,"options":{"engine":"r","label":"unnamed-chunk-7"},"document_id":"723745E3","chunk_id":"c4lyi8ucchcog","chunk_label":"unnamed-chunk-5"},{"row":173,"row_count":1,"visible":true,"expansion_state":0,"options":{"engine":"r","results":"hide","label":"unnamed-chunk-8"},"document_id":"723745E3","chunk_id":"ctwzfz64o8gsy","chunk_label":"fonction de sélection"},{"row":198,"row_count":1,"visible":true,"expansion_state":0,"options":{"engine":"r","results":"hide","label":"unnamed-chunk-9"},"document_id":"723745E3","chunk_id":"cy94unje6vicg","chunk_label":"fonction pour réduire la base"},{"row":205,"row_count":1,"visible":true,"expansion_state":0,"options":{"engine":"r","label":"unnamed-chunk-10"},"document_id":"723745E3","chunk_id":"c0gffb84fra3o","chunk_label":"unnamed-chunk-6"},{"row":231,"row_count":1,"visible":true,"expansion_state":0,"options":{"engine":"r","label":"unnamed-chunk-11"},"document_id":"723745E3","chunk_id":"c9wqb1vgesvs9","chunk_label":"Ajouter des observations"},{"row":248,"row_count":1,"visible":true,"expansion_state":0,"options":{"engine":"r","label":"unnamed-chunk-12"},"document_id":"723745E3","chunk_id":"cwjvmbmne86s7","chunk_label":"Retranformation en format long"},{"row":277,"row_count":1,"visible":true,"expansion_state":0,"options":{"engine":"r","label":"unnamed-chunk-75"},"document_id":"723745E3","chunk_id":"c8vn13oirgzd5","chunk_label":"unnamed-chunk-7"},{"row":368,"row_count":1,"visible":true,"expansion_state":0,"options":{"engine":"r","label":"unnamed-chunk-158"},"document_id":"723745E3","chunk_id":"c2m5yj9hlkcx7","chunk_label":"unnamed-chunk-8"},{"row":373,"row_count":1,"visible":true,"expansion_state":0,"options":{"engine":"r","label":"unnamed-chunk-159"},"document_id":"723745E3","chunk_id":"cowx1hpt90qml","chunk_label":"unnamed-chunk-9"},{"row":378,"row_count":1,"visible":true,"expansion_state":0,"options":{"engine":"r","label":"unnamed-chunk-160"},"document_id":"723745E3","chunk_id":"ct1ye5ueno2sw","chunk_label":"unnamed-chunk-10"}],"doc_write_time":1714698750,"working_dir":null,"default_chunk_options":{"echo":true,"warning":false,"message":false,"eval":true,"fig.align":"center"},"chunk_rendered_width":700}