{"chunk_definitions":[{"row":15,"row_count":1,"visible":true,"expansion_state":0,"options":{"engine":"r","label":"setup","include":false},"document_id":"723745E3","chunk_id":"csetup_chunk","chunk_label":"setup"},{"row":75,"row_count":1,"visible":true,"expansion_state":0,"options":{"engine":"r","label":"unnamed-chunk-80"},"document_id":"723745E3","chunk_id":"c2g5sc4ptmi66","chunk_label":"unnamed-chunk-1"},{"row":95,"row_count":1,"visible":true,"expansion_state":0,"options":{"engine":"r","label":"unnamed-chunk-81"},"document_id":"723745E3","chunk_id":"c9h9nt6iqi3m7","chunk_label":"unnamed-chunk-2"},{"row":100,"row_count":1,"visible":true,"expansion_state":0,"options":{"engine":"r","label":"unnamed-chunk-82"},"document_id":"723745E3","chunk_id":"cyvdsk7u3m296","chunk_label":"unnamed-chunk-3"},{"row":105,"row_count":1,"visible":true,"expansion_state":0,"options":{"engine":"r","label":"unnamed-chunk-83"},"document_id":"723745E3","chunk_id":"c6iq8nxsglu4t","chunk_label":"unnamed-chunk-4"},{"row":112,"row_count":1,"visible":true,"expansion_state":0,"options":{"engine":"r","label":"unnamed-chunk-84"},"document_id":"723745E3","chunk_id":"c4lyi8ucchcog","chunk_label":"unnamed-chunk-5"},{"row":131,"row_count":1,"visible":true,"expansion_state":0,"options":{"engine":"r","results":"hide","label":"unnamed-chunk-85"},"document_id":"723745E3","chunk_id":"czscm6xbw9lxl","chunk_label":"unnamed-chunk-6"},{"row":150,"row_count":1,"visible":true,"expansion_state":0,"options":{"engine":"r","results":"hide","label":"unnamed-chunk-86"},"document_id":"723745E3","chunk_id":"cxkezgcro2fns","chunk_label":"unnamed-chunk-7"},{"row":163,"row_count":1,"visible":true,"expansion_state":0,"options":{"engine":"r","label":"unnamed-chunk-87"},"document_id":"723745E3","chunk_id":"cylnkkp7oqwb0","chunk_label":"unnamed-chunk-8"},{"row":181,"row_count":1,"visible":true,"expansion_state":0,"options":{"engine":"r","label":"unnamed-chunk-88"},"document_id":"723745E3","chunk_id":"c4704paejbbed","chunk_label":"unnamed-chunk-9"},{"row":190,"row_count":1,"visible":true,"expansion_state":0,"options":{"engine":"r","label":"unnamed-chunk-89"},"document_id":"723745E3","chunk_id":"cy4jiu4knedfu","chunk_label":"unnamed-chunk-10"},{"row":211,"row_count":1,"visible":true,"expansion_state":0,"options":{"engine":"r","label":"unnamed-chunk-118"},"document_id":"723745E3","chunk_id":"c0euyhm77rbuz","chunk_label":"unnamed-chunk-11"},{"row":280,"row_count":1,"visible":true,"expansion_state":0,"options":{"engine":"r","label":"unnamed-chunk-119"},"document_id":"723745E3","chunk_id":"cldnpaashymqy","chunk_label":"unnamed-chunk-12"},{"row":284,"row_count":1,"visible":true,"expansion_state":0,"options":{"engine":"r","label":"unnamed-chunk-120"},"document_id":"723745E3","chunk_id":"cxdsu0oarcdcg","chunk_label":"unnamed-chunk-13"},{"row":288,"row_count":1,"visible":true,"expansion_state":0,"options":{"engine":"r","label":"unnamed-chunk-102"},"document_id":"723745E3","chunk_id":"c7hy68w21k4jm","chunk_label":"unnamed-chunk-14"}],"doc_write_time":1713981408,"working_dir":null,"default_chunk_options":{"echo":true,"warning":false,"message":true,"eval":true,"fig.align":"center"},"chunk_rendered_width":605}