{"chunk_definitions":[{"row":22,"row_count":1,"visible":true,"expansion_state":0,"options":{"engine":"r","label":"setup","include":false},"document_id":"723745E3","chunk_id":"csetup_chunk","chunk_label":"setup"},{"row":82,"row_count":1,"visible":true,"expansion_state":0,"options":{"engine":"r","label":"unnamed-chunk-2"},"document_id":"723745E3","chunk_id":"c2g5sc4ptmi66","chunk_label":"unnamed-chunk-1"},{"row":102,"row_count":1,"visible":true,"expansion_state":0,"options":{"engine":"r","label":"unnamed-chunk-3"},"document_id":"723745E3","chunk_id":"c9h9nt6iqi3m7","chunk_label":"unnamed-chunk-2"},{"row":107,"row_count":1,"visible":true,"expansion_state":0,"options":{"engine":"r","label":"unnamed-chunk-4"},"document_id":"723745E3","chunk_id":"cyvdsk7u3m296","chunk_label":"unnamed-chunk-3"},{"row":112,"row_count":1,"visible":true,"expansion_state":0,"options":{"engine":"r","label":"unnamed-chunk-5"},"document_id":"723745E3","chunk_id":"c6iq8nxsglu4t","chunk_label":"unnamed-chunk-4"},{"row":119,"row_count":1,"visible":true,"expansion_state":0,"options":{"engine":"r","label":"unnamed-chunk-6"},"document_id":"723745E3","chunk_id":"c4lyi8ucchcog","chunk_label":"unnamed-chunk-5"},{"row":138,"row_count":1,"visible":true,"expansion_state":0,"options":{"engine":"r","results":"hide","label":"unnamed-chunk-7"},"document_id":"723745E3","chunk_id":"ctwzfz64o8gsy","chunk_label":"unnamed-chunk-6"},{"row":157,"row_count":1,"visible":true,"expansion_state":0,"options":{"engine":"r","results":"hide","label":"unnamed-chunk-8"},"document_id":"723745E3","chunk_id":"cy94unje6vicg","chunk_label":"unnamed-chunk-7"},{"row":182,"row_count":1,"visible":true,"expansion_state":0,"options":{"engine":"r","label":"unnamed-chunk-10"},"document_id":"723745E3","chunk_id":"c9wqb1vgesvs9","chunk_label":"unnamed-chunk-9"},{"row":193,"row_count":1,"visible":true,"expansion_state":0,"options":{"engine":"r","label":"unnamed-chunk-11"},"document_id":"723745E3","chunk_id":"cwjvmbmne86s7","chunk_label":"unnamed-chunk-10"},{"row":214,"row_count":1,"visible":true,"expansion_state":0,"options":{"engine":"r","label":"unnamed-chunk-78"},"document_id":"723745E3","chunk_id":"c8vn13oirgzd5","chunk_label":"unnamed-chunk-11"},{"row":282,"row_count":1,"visible":true,"expansion_state":0,"options":{"engine":"r","label":"unnamed-chunk-29"},"document_id":"723745E3","chunk_id":"c2m5yj9hlkcx7","chunk_label":"unnamed-chunk-12"},{"row":286,"row_count":1,"visible":true,"expansion_state":0,"options":{"engine":"r","label":"unnamed-chunk-30"},"document_id":"723745E3","chunk_id":"cowx1hpt90qml","chunk_label":"unnamed-chunk-13"},{"row":290,"row_count":1,"visible":true,"expansion_state":0,"options":{"engine":"r","message":false,"label":"unnamed-chunk-32"},"document_id":"723745E3","chunk_id":"ct1ye5ueno2sw","chunk_label":"unnamed-chunk-14"},{"row":301,"row_count":1,"visible":true,"expansion_state":0,"options":{"engine":"r","label":"unnamed-chunk-36"},"document_id":"723745E3","chunk_id":"czfbg17db3psj","chunk_label":"unnamed-chunk-15"}],"doc_write_time":1714035724,"working_dir":null,"default_chunk_options":{"echo":true,"warning":false,"message":false,"eval":true,"fig.align":"center"},"chunk_rendered_width":596}